<?xml version="1.0" encoding="UTF-8"?>
<project-private xmlns="http://www.netbeans.org/ns/project-private/1">
    <editor-bookmarks xmlns="http://www.netbeans.org/ns/editor-bookmarks/2" lastBookmarkId="0"/>
    <open-files xmlns="http://www.netbeans.org/ns/projectui-open-files/2">
        <group>
            <file>file:/D:/ConvexHull/src/ConvexHullUI/ConvexHullDriver.java</file>
            <file>file:/D:/ConvexHull/src/ConvexHullUI/ConvexHullGUI.java</file>
            <file>file:/D:/ConvexHull/src/ConvexHullBackEnd/FileIO.java</file>
            <file>file:/D:/ConvexHull/src/ConvexHullBackEnd/ConvexHull.java</file>
            <file>file:/D:/ConvexHull/src/ConvexHullBackEnd/PrintUtilities.java</file>
        </group>
    </open-files>
</project-private>
